epitope,mhc,tcell
AAAGAEAGKATTEEQ,0.24,0.0
AAASVPAADKFKTFE,0.84,0.0
AAATATATAAVGAAT,0.4,0.0
AADHAAPEDKYEAFV,0.4,0.0
AAESSSKAALTSKLD,0.6,0.0
AAFNNAIKAGTGGAY,0.6,0.125
AAFTSSSKAATAKAP,0.8,0.0
AAGAATTAAGAASGA,0.48,0.0
AAGIGILTV,0.9090909090909091,0.8823529411764706
AAGVPPADKYRTFVA,0.6,0.0
AAKEDFLGCLVKEIP,0.76,0.0
AAKPAAAATATATAA,0.32,0.0
AALAAAAGVPPADKY,0.72,0.125
AAPAAGYTPATPAAP,0.44,0.0
AAPANDKFTVFEAAF,0.92,0.25
AAPGAGYTPATPAAP,0.4,0.0
AAPLSWSKDIYNYME,0.88,0.0
AASGAATVAAGGYKV,0.36,0.0
AASGADGTYDITKLG,0.28,0.0
AATGAATAATGGYKV,0.4,0.05555555555555555
AAVGATPEAKFDSFV,0.64,0.0
AAYKLAYKTAEGATP,0.96,0.0
ADAGYAPATPAAAGA,0.66,0.0
ADLGYGPATPAAPAA,0.52,0.0
AEDVIPEGWKADTSY,0.52,0.0
AEEVKVIPAGELQVI,0.88,0.0
AEGGKATTEEQKLIE,0.4,0.0
AEGLSGEPKGAAESS,0.72,0.0
AEVELRQHGSEEWEP,0.52,0.0
AFALVLLFCALASSC,0.68,0.0
AFKVAATAANAAPAN,0.8548387096774194,0.6666666666666666
AGAEPAGKATTEEQK,0.32,0.0
AGALEVHAVKPVTEE,0.56,0.058823529411764705
AGDGDVVAVDIKEKG,0.4,0.125
AGIMIFDPYGATISA,0.84,0.0
AGKATTEEQKLIEKI,0.44,0.0
AGSYAADLGYGPATP,0.56,0.0
AHGIPKVPPGPNITA,0.24,0.0
AIKAGTGGAYESYKF,0.76,0.0
AIMDKNIIL,0.9090909090909091,0.9661016949152542
AIPKVPPGPNITATY,0.16,0.0
AITAMSEAQKAAKPA,0.72,0.058823529411764705
AKDVIPEGWKADTAY,0.56,0.0
AKPDGKTDCTKEVEE,0.12,0.0
AKSSPAYPSVLGQTI,0.76,0.0
ALEDDLLNRNNSFKP,0.36,0.0
ALHIIAGTPEVHAVK,0.96,0.0
ALKESWGAIWRIDTP,0.8518518518518519,0.17647058823529413
ALRIIAGTPEVHAVK,1.0,0.0
ALRVIAGALEVHAVK,0.92,0.17647058823529413
ALSYYPTPLAKEDFL,0.84,0.0
ALTKAITAMSEVQKV,0.84,0.058823529411764705
ANGKLHDKKSMGDDH,0.44,0.0
ANWIEIMRIKKLTIT,0.84,0.125
APADDKFTVFEAAFN,0.88,0.25
APATPAAAGAEAGKA,0.52,0.0
APEDKYEAFVLHFSE,0.96,0.0
APEVKYTVFETALKK,0.8461538461538461,0.17647058823529413
APGAAAAPLSWSKDI,0.72,0.0
APGDSPNTDGIHIGD,0.04,0.0
APPPQLPRPPATPPP,0.11538461538461539,0.0
APQLPDDLMIRVIAQ,0.72,0.0
APTGATTAAAGGYKV,0.34615384615384615,0.0
APTGMFVAAAKYMVI,0.98,0.0
APTGMFVAGAKYMVI,0.92,0.0
AQGPKATFEAMYLGT,0.68,0.0
ARVTVKDVTFRNITG,0.88,0.0
ASAAIFGHDGTVWAQ,0.76,0.0
ASAAILGHDGTVWAQ,0.7,0.0
ASEGAVDIINRWQVV,0.92,0.0
ASLTEALRVIAGALE,0.88,0.058823529411764705
ASTGGAYESYKFIPA,0.84,0.05555555555555555
ATAANAAPANDKFTV,0.4,0.125
ATATATSAVGAPTGA,0.44,0.0
ATDALMTGY,0.13043478260869565,0.9615384615384616
ATFEAMYLGTCKTLT,0.76,0.0
ATISATPESATPFPH,0.68,0.0
ATPEAKYDAYVATLS,0.68,0.125
ATPPPPPPPQLGASP,0.2,0.0
ATSPTAEGGKATTEE,0.16,0.0
ATTANVPPADKYKTF,0.48,0.0
ATTEEQKLIEDINAS,0.88,0.0
ATTEEQKLIEDVNAS,0.64,0.0
ATVATAPEVKYTVFE,0.8,0.125
AVFDRKSDAK,0.75,0.8421052631578947
AVFEAALTKAITAMS,0.9615384615384616,0.4782608695652174
AVIRGKKGAGGITIK,0.5,0.0
AVKPAAEEVKVIPAG,0.56,0.0
AVQVTFTVQKGSDPK,0.7692307692307693,0.3684210526315789
AVVCGRRHGVRIRVR,0.76,0.0
AVWGKNSCAKNYNCK,0.5384615384615384,0.2222222222222222
AVWVDGKARTAWVDS,0.84,0.0
AWASACGGTGKNTIV,0.24,0.0
AWVDSGAQLGELYYA,0.76,0.0
AYESYKFIPALEAAV,1.0,0.2631578947368421
AYGIPKVPPGPNITA,0.12,0.0
AYKTAEGATPEAKYD,0.56,0.0
AYPSVLGQTIRNSRW,0.84,0.0
AYVATVSEALRIIAG,0.9615384615384616,0.0
AYVLLSEKKISSIQS,0.6923076923076923,0.6551724137931034
CDDALIEGITLLNAK,0.96,0.0
CGGTGKNTIVIPKGD,0.16,0.0
CGKYLFNWAVRTKLKLTPIA,0.8571428571428571,0.15384615384615385
CGRRHSVRIRVRSGG,0.72,0.0
CINGVCWTV,0.45454545454545453,0.9120370370370371
CIPSLEAAVKQAYAA,0.76,0.0
CKTLTPLMSSKFPEL,0.76,0.0
CLGGLLTMV,0.7647058823529411,0.9421965317919075
CNANPGLMKDVAKVF,0.84,0.0
CPKYVKQNTLKLATGMRNVPEKQT,0.5454545454545454,0.696969696969697
CSGEPVVVHITDDNE,0.4,0.0
CTELKLSDY,0.4090909090909091,0.7647058823529411
CTNAKVTAKGVSEAN,0.52,0.0
CVPKVTFTVEKGSNE,0.56,0.0
DCISIGPGSTGLNIT,0.6,0.0
DDIKATYDKGILTVSVAVSE,0.6666666666666666,0.6923076923076923
DDLMIRVIAQGPTAT,0.76,0.0
DENPVVHFFKNIVTPRTPP,0.5454545454545454,0.9452054794520548
DFNEFISFCNANPGL,1.0,0.0
DGQGKAVWGKNSCAK,0.44,0.0
DGTYDITKLGAKPDG,0.28,0.0
DIDLGRNEVVNDVST,0.96,0.0
DIEKKIAKMEKASSVFNVVNS,0.5789473684210527,1.0
DINASFRAAMATTAN,0.8,0.0
DITVKNCVLKKSTNG,0.68,0.0
DKFTVFEAAFNDAIK,1.0,0.42105263157894735
DKGPGFVVTGRVYCD,0.36,0.0
DKLTGPFTVRYTTEG,0.36,0.0
DLGRNEVVNDVSTFS,0.56,0.0
DLGYAPATPAAPGAG,0.7307692307692307,0.0
DLMGYIPLV,0.9523809523809523,0.7297297297297297
DQVHFQPLPPAVVKLSDALI,0.8333333333333334,0.7619047619047619
DSEEPLQGPFNFRFL,0.76,0.0
DVNASFRAAMATTAN,0.8,0.0
DVTITAPGDSPNTDG,0.2,0.0
DVVPEKYTIGATYAP,0.68,0.0
EAAFNKAIKESTGGA,0.64,0.0
EAAFTVSSKRNLADA,0.9230769230769231,0.0
EAAVKQAYAATVAAA,0.8,0.2222222222222222
EAGKATTEEQKLIED,0.56,0.0
EAKYDAYVATVSEAL,0.8,0.0
EATTDGLGWYKIEID,0.92,0.0
EAVSLLCSDKQPCNG,0.52,0.0
ECGGILQAYDLRDAP,0.84,0.0
EDDLLNRNNTFKPFA,0.36,0.0
EDVGYPIIIDQKYCP,0.56,0.0
EEWEPLTKKGNVWEV,0.23076923076923078,0.2222222222222222
EGATPEAKYDAYVAT,0.48,0.0
EGHHLASAAIFGHDG,0.8627450980392157,0.0
EGHHLASAAILGHDG,0.82,0.0
EGTKVTFHVEKGSNP,0.36,0.0
EHGSDEWVAMTKGEG,0.46153846153846156,0.17647058823529413
EICEVVLAKSPDTTC,0.88,0.0
EIDTDGDGFIDFNEF,0.76,0.0
EITGIMKDFDEPGHL,0.66,0.0
EITGIMKDLDEPGHL,0.5,0.0
EKDVTDITVKNCVLK,0.72,0.0
EKVDAAFKVAATAAN,0.92,0.375
ELKESWGAIWRIDTP,0.84,0.125
ELQPYARQQAIDLVANALPA,1.0,1.0
ELQVIEKVDAAFKVA,0.96,0.125
ELRSRYWAI,0.25806451612903225,0.8947368421052632
ELYYAIHKASTVLAF,0.96,0.0
ELYYAIYKASPTLAF,1.0,0.0
ENLPYLVAYQATVCARAQAP,0.8666666666666667,0.42857142857142855
ENPVVHFFKNIVTPR,0.88,0.9807692307692307
ENVIDVKLVDANGKL,0.72,0.0
ENVKMEDVGYPIIID,0.92,0.0
EPFPKRVWEQIFSTW,0.8076923076923077,0.0
EPGHLAPTGMFVAAA,0.86,0.0
EPGHLAPTGMFVAGA,0.72,0.0
EPIAAYHFDLSGIAF,0.76,0.125
EPIAPYHFDLSGHAF,0.6153846153846154,0.2631578947368421
EQYTHQDEIYEQVHSKGLYV,1.0,1.0
ERIFKRFDTNGDGKI,0.64,0.0
ETLLRAVESYLLAHS,1.0,0.9629629629629629
EVELREHGSDEWVAM,0.36,0.0
EVIPTAFKIGKTYTP,0.72,0.0
EVIPTAFSIGKTYKP,0.76,0.0
EVLKGPFTVRYTTEG,0.32,0.0
EVQKVSQPATGAATV,0.72,0.0
EVVNDVSTFSSGLVW,0.88,0.0
EWATPFPHRKGVLFN,0.36,0.0
EWVAMTKGEGGVWTF,0.4444444444444444,0.2222222222222222
EYIRIDAKVVPKSKIDTKIQ,1.0,1.0
EYKSDYVYEPFPKEV,0.76,0.0
EYLNKIQNSLSTEWSPCSVT,1.0,0.8448275862068966
FAEYKSDYVYQPFPK,0.8,0.5
FAGAWCVPKVTFTVE,0.52,0.0
FAVVDLNKMRAVWVD,1.0,0.0
FDPYGATISATPESA,0.56,0.0
FDSFVASLTEALRVI,0.96,0.058823529411764705
FEAAFNDAIKASTGG,0.72,0.0
FEAMYLGTCQTLTPM,0.9230769230769231,0.0
FEIKCTKPEACSGEP,0.16,0.125
FERLAITKGKVDPTD,0.76,0.0
FETNVSHNVQGATVA,0.72,0.0
FFHMNIYECKGVTVK,0.96,0.0
FGHDGTVWAQSADFP,0.58,0.0
FKPFAEYKSDYVYEP,0.7407407407407407,0.4
FKSGRGCGSCFEIKC,0.2,0.0
FKTFEAAFTSSSKAA,0.84,0.0
FKVAATAAATAPADD,0.64,0.29411764705882354
FLAVALVAGPAGSYA,0.8,0.0
FLAVAVVLGLATSPT,0.7307692307692307,0.0
FLGCLVKEIPPRLLY,1.0,0.0
FLLLADARV,1.0,0.625
FLLSLGIHL,0.6774193548387096,0.7647058823529411
FLLTRILTI,0.7083333333333334,0.8913043478260869
FLPSDFFPSV,0.8536585365853658,0.8740157480314961
FLRGRAYGL,0.8181818181818182,0.9931506849315068
FLTGPLNFTGPCKGD,0.4,0.0
FMVAMFLAVAVVLGL,0.72,0.058823529411764705
FMYSDFHFI,0.9583333333333334,0.95
FNGGESKLKAEATTD,0.6,0.0
FNIQYVNYWFAPGAA,0.8,0.0
FPKEVWEQIFSTWLL,0.88,0.125
FRAAMATTANVPPAD,0.56,0.0
FRDRARVPLTSNNGI,0.84,0.0
FTASLFLHL,0.8333333333333334,0.42857142857142855
FTVFEAAFNNAIKAG,0.96,0.058823529411764705
FTVQKGSDPKKLVLD,0.4,0.125
FTVQKGSDPKKLVLN,0.5185185185185185,0.17647058823529413
FVAAAKYMVIQGEPG,0.94,0.0
FVAGAKYMVIQGEPG,0.82,0.0
FVHLGHRDNIEDDLL,0.72,0.125
FVVTGRVYCDPCRAG,0.72,0.0
FWAVRGGGGESFGIV,0.6,0.0
GAATVAAGAATTAAG,0.44,0.0
GAGAAPLSWSKEIYN,0.52,0.0
GAMAKKGDEQKLRSA,0.56,0.0
GAQLGELYYAIYKAS,0.96,0.0
GATVAVDCRPFNGGE,0.64,0.0
GAVDIINKWQVVAPQ,0.48,0.0
GCGSCFEIKCTKPEA,0.24,0.0
GDGFIDFNEFISFCN,0.96,0.0
GDGKISLSELTDALR,0.84,0.0
GDTMAEVELREHGSD,0.32,0.0
GEALSTLVLNRLKVG,0.5384615384615384,0.5476190476190477
GEALSTLVVNKIRGT,0.46153846153846156,0.5
GELELQFRRVKCKYP,0.6153846153846154,0.17647058823529413
GEPKGAAESSSKAAL,0.48,0.0
GEVEIQFRRVKCKYP,0.56,0.125
GGACGYKDVDKPPFS,0.24,0.0
GGESFGIVVAWKVRL,0.92,0.0
GGGFGMLLRKYGIAA,0.6,0.0
GGGGESFGIVVAWQV,0.96,0.0
GGNFAGGGFGMLLRK,0.56,0.125
GILGFVFTL,0.8764044943820225,0.9836734693877551
GILQAYDLRDAPETP,0.96,0.0
GIQYLAGLSTLPGNPAIASL,0.7894736842105263,0.2
GITIKKTGQALVVGI,0.98,0.0
GIVVAWKVRLLPVPP,0.9615384615384616,0.125
GKARTAWVDSGAQLG,0.84,0.0
GKGTLDGQGKAVWGK,0.64,0.0
GKKEEKKEEKKESGD,0.24,0.0
GKWLDAKSTWYGKPT,0.64,0.0
GLAYKFVVPGAATPY,0.6153846153846154,0.9090909090909091
GLFDFVNFV,0.5833333333333334,0.8125
GLGWYKIEIDQDHQE,0.88,0.0
GLNITGVTCGPGHGI,0.52,0.0
GLSGEPKGGAESSSK,0.52,0.0
GLSPTVWLSV,0.5909090909090909,0.7804878048780488
GLSRYVARL,0.7727272727272727,0.8285714285714286
GLVPKLDAAYSVAYK,1.0,0.0
GMNPSHCNEMSWIQS,0.28,0.0
GMTGCGNTPIFKSGR,0.24,0.0
GNTPIFKSGRGCGSC,0.16,0.0
GPATPAAPAAGYTPA,0.4,0.0
GPGSTGLNITGVTCG,0.36,0.0
GPKDNGGACGYKDVD,0.32,0.0
GPTATFEAMYLGTCQ,0.84,0.0
GQKYFKGNFQRLAIT,0.8846153846153846,0.0
GRQVYEATLCAIFSEAKDRF,1.0,1.0
GRSYAADAGYAPATP,0.56,0.0
GRYKDEKDVTDITVK,0.36,0.0
GSDPKKLVLDIKYTR,0.68,0.25
GSDPKKLVLNIKYTR,0.7777777777777778,0.3684210526315789
GSMAKKGDEQKLRSA,0.44,0.125
GTKGEAKDVIPEGWK,0.08,0.0
GTKTEAEDVIPEGWK,0.34615384615384615,0.17647058823529413
GTLHDKKSMGDDHFW,0.36,0.0
GVTCGPGHGISVGSL,0.32,0.0
GVTVKDVTITAPGDS,0.64,0.0
GVWTFDSEEPLQGPF,0.9615384615384616,0.17647058823529413
GYKVLVLNPSVAAT,0.7857142857142857,1.0
GYTPATPAAPAGAEP,0.4,0.0
HCNEMSWIQSIPFVH,0.96,0.0
HDKKSMGDDHFWAVR,0.64,0.0
HDYEGLSYRSLQPET,0.72,0.0
HGRQIRMAKLLGRDPE,0.9166666666666666,0.8235294117647058
HMWNFISGI,0.7692307692307693,0.625
HPNIEEVAL,0.17391304347826086,0.8823529411764706
HRDNIEDDLLNRNNT,0.48,0.0
HSKKKCDEL,0.0,0.8
IAFFRKEPLKECGGI,0.85,0.1111111111111111
IAGLFLTTEAVVADK,0.6153846153846154,0.2631578947368421
IEGITLLNAKFFHMN,1.0,0.0
IFKISKTVSEGAVDI,0.48,0.0
IGTGDDCISIGPGST,0.44,0.0
IHIGDSSKVTITDTT,0.44,0.0
IHKASTVLAFPAGVC,0.96,0.0
IIAGTPEVHAVKPGA,0.76,0.0
IIFIFRRDLLCPLGAL,0.5833333333333334,0.8333333333333334
IITPTNVSHIQSAVV,0.8,0.0
IKEKGKDKWIALKES,0.44,0.0
IKEKGKDKWIELKES,0.28,0.0
IKYTRPGDSLAEVEL,0.72,0.0
ILAGYGAGV,0.8235294117647058,0.5454545454545454
ILDDNLYKV,0.6216216216216216,1.0
ILKEPVHGV,0.68,0.8421052631578947
ILNTWLVKPGAGIMI,0.8076923076923077,0.0
ILPNTLVLDFCDDAL,0.84,0.0
IMRIKKLTITGKGTL,0.84,0.0
INKWQVVAPQLPADL,0.8,0.0
INVGFKAAVAAAASV,0.9310344827586207,0.5
IPAGELQIIDKIDAA,0.8,0.0
IPFVHLGHRDALEDD,0.76,0.0
IPKGDFLTGPLNFTG,0.76,0.0
IPSINVHHY,0.35294117647058826,0.896551724137931
IPTAFKIGKTYTPEE,0.72,0.0
IPTAFSIGKTYKPEE,0.64,0.0
IQGNVTSIHSLLDEG,0.9166666666666666,0.6666666666666666
IQSIPFVHLGHRDNI,0.76,0.0
IQYVNYWFAPGAGAA,0.92,0.0
ISATPEWATPFPHRK,0.56,0.0
ISFCNANPGLMKDVA,0.92,0.0
ITAMSEVQKVSQPAT,0.84,0.125
ITDTTIGTGDDCISI,0.48,0.0
ITKGKVDPTDYFRNE,0.44,0.0
ITKLGAKPDGKTDCT,0.24,0.0
IVPPADKYRTFVATF,0.72,0.0
IVTDFSVIK,0.8421052631578947,0.9456521739130435
IYECKGVTVKDVTIT,0.7692307692307693,0.0
IYKASPTLAFPAGVC,0.96,0.0
KAAVAAAASVPAADK,0.8076923076923077,0.17647058823529413
KAFAEGLSGEPKGGA,0.6,0.0
KAIKESTGGAYDTYK,0.64,0.125
KASPVLAFPAGVCPT,0.72,0.0
KCIEWEKAQHGA,1.0,0.9523809523809523
KCKYPEGTKVTFHVE,0.48,0.125
KDKWIALKESWGAIW,0.68,0.0
KDKWIELKESWGAIW,0.68,0.0
KDVTFRNITGTSSTP,0.76,0.0
KEDFLRCLVKEIPPR,0.76,0.0
KEIYNYMEPYVSKNP,0.8461538461538461,0.0
KEPLKECGGILQAYD,0.96,0.0
KESGDAASGADGTYD,0.12,0.0
KEVEEAWASACGGTG,0.4,0.0
KFIPALEAAVKQAYA,0.9259259259259259,0.2222222222222222
KFPELGMNPSHCNEM,0.64,0.0
KFTVFEAAFNKAIKE,1.0,0.4117647058823529
KGDEQKLRSAGELEL,0.44,0.0
KGDEQKLRSAGEVEI,0.56,0.0
KGGRKPARLIVFPDLGVRVC,0.7142857142857143,0.25
KGNFQRLAITKGKVD,0.8,0.0
KGSNEKHLAVLVKYE,0.72,0.0
KGSNPNYLALLVKFV,0.8,0.0
KGSNPNYLALLVKYV,0.84,0.16666666666666666
KHLAVLVKYEGDTMA,0.76,0.0
KIDAAFKVAATAAAT,0.92,0.25
KIEIDQDHQEEICEV,0.88,0.0
KIPKKASEGAVDIIN,0.84,0.0
KKEEKKESGDAASGA,0.16,0.0
KKGAGGITIKKTGQA,0.42,0.0
KLIEDINVGFKAAVA,1.0,0.29411764705882354
KLLPVPPTVTIFKIS,0.96,0.0
KLRSAGELELQFRRV,0.8076923076923077,0.125
KLRSAGEVEIQFRRV,0.88,0.0
KLTITGKGTLDGQGK,0.5384615384615384,0.0
KLVALGINAV,0.5,0.89171974522293
KLVANNTRL,0.68,0.9411764705882353
KLVLDIKYTRPGDSL,0.8,0.25
KLVLNIKYTRPGDSL,0.9285714285714286,0.4
KNTIVIPKGDFLTGP,0.4,0.0
KNVFDDVVPEKYTIG,0.64,0.125
KPAAAATATATSAVG,0.38461538461538464,0.0
KPPFSGMTGCGNTPI,0.44,0.125
KPTAAGPKDNGGACG,0.04,0.125
KPTGAGPKDNGGACG,0.04,0.0
KQAYAATVATAPEVK,0.72,0.0
KQQGIRYANPIAFFR,1.0,0.05555555555555555
KSKYKLATSVLAGLL,0.6923076923076923,0.9090909090909091
KSSKPLVGPFNFRFM,0.8,0.0
KSTNGLRIKSYEDAK,0.6,0.0
KTDCTKEVEEAWASA,0.6,0.125
KTGQALVVGIYDEPM,0.96,0.0
KTIAYDEEARR,0.6428571428571429,0.9565217391304348
KTLEAAFTVSSKRNL,0.88,0.0
KTMAVCTNAKVTAKG,0.76,0.0
KTSLYNLRRGTALAIPQCRLTPLSRL,0.75,0.5
KTVSEGAVDIINKWQ,0.64,0.0
KVDDTFYYV,0.5454545454545454,0.96
KVPPGPNITATYGDK,0.2,0.0
KVTAKGVSEANTCAA,0.68,0.0
KYDAYVATLSEALRI,0.92,0.17647058823529413
KYKIAGGIAGGLALL,0.5454545454545454,0.9090909090909091
KYKTFEAAFTVSSKR,0.84,0.0
KYMVIQGEPGAVIRG,0.9411764705882353,0.05
KYMVIQGEPGRVIRG,0.9411764705882353,0.0
LAKYKANWIEIMRIK,0.9259259259259259,0.3333333333333333
LASSCQVAFSYFPPP,0.84,0.0
LCSDKQPCNGVTMND,0.44,0.0
LDAAYSVAYKAAVGA,0.88,0.0
LDEVYNAAYNAADHA,0.76,0.0
LDGNLLSSNDLAKYK,0.88,0.0
LEAAVKQAYAATVAT,0.8,0.058823529411764705
LFAAFPSFAGLRPTFDTRLM,0.6842105263157895,0.9090909090909091
LGASPYKLGPSPKAR,0.44,0.0
LGHDGTVWAQSADFP,0.46,0.125
LGHRDALEDDLLNRN,0.24,0.0
LGQTIRNSRWSSPDN,0.72,0.0
LGTCQTLTPMMSSKF,0.8,0.0
LHFSEALHIIAGTPE,1.0,0.0
LHFSEALRIIAGTPE,1.0,0.0
LIEKINAGFKAALAA,1.0,0.17647058823529413
LLAMAVLAALFAGAW,0.6,0.0
LLFCALASSCQVAFS,0.92,0.0
LLFGYPVYV,1.0,0.9675675675675676
LLFNILGGWV,1.0,0.6666666666666666
LLMGTLGIV,1.0,0.6190476190476191
LLNAKFFHMNIYECK,0.84,0.0
LLNRNNSFKPFAEYK,0.48,0.0
LMCEIEGHHLASAAI,0.72,0.0
LNFTGPCKGDSVTIK,0.32,0.0
LNKMRAVWVDGKART,0.92,0.0
LPADLMIRIIAQGPK,0.88,0.0
LPEPLPQGQLTAY,0.875,0.9411764705882353
LPRPDTRHL,0.21739130434782608,0.631578947368421
LPRPPATPPPPPPPQ,0.04,0.0
LPSDFFPSV,0.5625,0.6363636363636364
LPVPPTVTVFKIPKK,0.76,0.0
LQGPFNFRFLTEKGM,0.8,0.125
LQIIDKIDAAFKVAA,1.0,0.2222222222222222
LQPETFAVVDLNKMR,0.88,0.0
LRIKSYEDAKSPLTA,0.88,0.0
LSMITMSAFLIVRLN,0.9166666666666666,1.0
LSSNDLAKYKANWIE,0.88,0.125
LSYRSLQPETFAVVD,0.92,0.0
LTKKGNVWEVKSSKP,0.2,0.125
LTSLTNSLQRIRQLAVQASN,1.0,1.0
LVAGPAGSYAADLGY,0.72,0.0
LVDANGTLHDKKSMG,0.2,0.0
LVGPFNFRFMSKGGM,0.56,0.125
LVKFVAGDGDVVAVD,0.64,0.0
LVKPGAGIMIFDPYG,0.72,0.0
LVKYEGDTMAEVELR,0.64,0.0
LVKYVNGDGDVVAVD,0.56,0.0
LVLDFCDDALIEGIT,0.92,0.0
LVNLLIFHINGKIIKNS,0.42857142857142855,1.0
LVVGIYDEPMTPGQC,0.78,0.0
MAAHKFMVAMFLAVA,0.88,0.0
MADDMERIFKRFDTN,0.64,0.0
MANSRAFALVLLFCA,0.72,0.0
MASSSSVLLVVALFA,0.52,0.05
MASSSSVLLVVVLFA,0.56,0.0
MAVHQYTVALFLAVA,0.76,0.0
MGDDHFWAVRGGGGE,0.84,0.0
MGKATTEEQKLIEDV,0.56,0.0
MIRIIAQGPKATFEA,0.76,0.0
MKDFDEPGHLAPTGM,0.46,0.0
MKDLDEPGHLAPTGM,0.3,0.0
MLLRKYGIAAENVID,0.9230769230769231,0.125
MPAYIRNTL,0.6216216216216216,0.7916666666666666
MSMASSSSSSLLAMA,0.6,0.0
MSSKFPELGMNASHC,0.4,0.0
MSWQTYVDEHLMCEI,0.9215686274509803,0.0
MVVERLGDYLVEQGM,0.82,0.0
MYLGTCKTLTPLMSS,0.72,0.0
NAAYNAADHAAPEDK,0.72,0.0
NAGFKAALAAAAGVP,0.92,0.058823529411764705
NASHCNEMSWIQSIP,0.72,0.0
NCVLKKSTNGLRIKS,0.8,0.0
NDAIKASTGGAYESY,0.72,0.058823529411764705
NDVSTYASGKVWGQK,0.68,0.0
NFRFLTEKGMKNVFD,0.7777777777777778,0.125
NFRFMSKGGMRNVFD,0.6296296296296297,0.2222222222222222
NGDGDVVAVDIKEKG,0.32,0.125
NGSAEVHRGAVPRRG,0.2,0.0
NKICTSKGDSARVTV,0.56,0.0
NLADAVSKAPQLVPK,0.56,0.0
NLFDIPLLTV,0.6774193548387096,0.9090909090909091
NLVPMVATV,0.926829268292683,0.9768421052631578
NMLSTVLGV,1.0,0.9090909090909091
NMVVERLGDYLVEQG,0.88,0.0
NPKFENIAEGLRALLARSHVERTTDE,0.5833333333333334,0.5833333333333334
NPRQAYANYRDIDLG,0.64,0.0
NRNNTFKPFAEYKSD,0.7307692307692307,0.1111111111111111
NSCAKNYNCKILPNT,0.52,0.0
NSFKPFAEYKSDYVY,0.88,0.5
NVGQTVSVDLTQSMSAAKIG,1.0,1.0
NVSHIQSAVVCGRRH,0.72,0.0
NVWEVKSSKPLVGPF,0.8461538461538461,0.3333333333333333
NYLALLVKFVAGDGD,0.68,0.125
NYLALLVKYVNGDGD,0.5384615384615384,0.2222222222222222
NYNCKILPNTLVLDF,0.96,0.0
PAADKFKTFEAAFTS,0.8888888888888888,0.17647058823529413
PADKYKTLEAAFTVS,0.88,0.0
PADKYRTFVATFGAA,0.84,0.0
PAGVCPTIGVGGNFA,0.36,0.0
PANDKFTVFEAAFNN,0.96,0.125
PATPAAPGAGYTPAT,0.08,0.0
PCKGDSVTIKLDGNL,0.6,0.0
PCRAGFETNVSHNVQ,0.76,0.0
PDNVKPIYIVTPTNA,0.76,0.0
PDTTCSEIEEFRDRA,0.76,0.0
PEEFAVVDLSKMRAV,0.9615384615384616,0.0
PELGMNASHCNEMSW,0.52,0.0
PFTVRYTTEGGTKGE,0.52,0.0
PFTVRYTTEGGTKTE,0.56,0.0
PGDSLAEVELRQHGS,0.8,0.0
PGHGISVGSLGRYKD,0.6,0.0
PGMAKIPAGELQIID,0.68,0.0
PGPNITATYGGKWLD,0.36,0.0
PIIIDQKYCPNKICT,0.72,0.0
PISVTAPPPQLPRPP,0.56,0.0
PIYIVTPTNASHIQS,0.72,0.0
PKGGAESSSKAALTS,0.6,0.125
PKYVKQNTLKLAT,0.8669527896995708,0.968421052631579
PLMSSKFPELGMNPS,0.72,0.0
PLSWSKEIYNYMEPY,0.92,0.0
PNITATYGDKWLDAK,0.52,0.0
PNTDGIHIGDSSKVT,0.44,0.0
PPPPQLGASPYKLGP,0.6,0.0
PPTVTIFKISKTVSE,0.96,0.0
PQVKYAVFEAALTKA,0.96,0.125
PRGGPGRSYAADAGY,0.28,0.0
PRLLYAKSSPAYPSV,0.88,0.0
PTIGVGGNFAGGGFG,0.24,0.0
PTLAFPAGVCPTIGV,0.84,0.0
PTPLAKEDFLRCLVK,0.8,0.0
PVTEEPGMAKIPAGE,0.24,0.0
PYGATISATPEWATP,0.76,0.0
PYILLVSSKVSTVKD,1.0,0.6896551724137931
PYVSKNPRQAYANYR,0.56,0.0
QAYAATVAAAPQVKY,0.84,0.17647058823529413
QDHQEEICEVVLAKS,0.88,0.0
QFKPEEITGIMKDFD,0.82,0.0
QFKPEEITGIMKDLD,0.68,0.0
QFRRVKCKYPEGTKV,0.24,0.0
QGALSQAITRLSSGKRINSA,1.0,1.0
QGEPGAVIRGKKGAG,0.54,0.0
QGEPGRVIRGKKGAG,0.4,0.0
QKLIEDINASFRAAM,1.0,0.0
QKLIEDVNASFRAAM,0.96,0.0
QKYCPNKICTSKGDS,0.52,0.0
QLGELYYAIHKASPV,0.96,0.0
QLVPKLDEVYNAAYN,0.6538461538461539,0.0
QPCNGVTMNDVKIEY,0.92,0.0
QPFPKTVWEQILNTW,0.8846153846153846,0.0
QPRAPIRPI,0.35714285714285715,0.7222222222222222
QRMMAEIDTDGDGFI,0.6,0.0
QSAVVCGRRHSVRIR,0.52,0.0
QVAFSYFPPPAAKED,0.64,0.0
QYIKANSKFIGITE,0.625,1.0
RAQVLQQAGISVLAQANSLP,1.0,1.0
RCLVKEIPPRLLYAK,0.88,0.0
RFDTNGDGKISLSEL,0.68,0.0
RIDTPDKLTGPFTVR,0.52,0.125
RIDTPEVLKGPFTVR,0.44,0.0
RIIAGTLEVHAVKPA,0.88,0.058823529411764705
RKGVLFNIQYVNYWF,0.88,0.0
RLASYGLYY,0.6666666666666666,0.0
RLIVFPDLGV,0.8571428571428571,0.6086956521739131
RLYDYFTRV,0.6296296296296297,0.8666666666666667
RNEVVNDVSTYASGK,0.88,0.0
RNITGTSSTPEAVSL,0.76,0.0
RNSRWSSPDNVKPLY,0.4,0.0
RNVFDEVIPTAFKIG,0.88,0.0
RNVFDEVIPTAFSIG,0.92,0.0
RPPIFIRRL,0.3333333333333333,0.9538461538461539
RPSTRNFFEL,0.38461538461538464,0.9375
RQHGSEEWEPLTKKG,0.08,0.0
RRFFPYYV,1.0,1.0
RRHGVRIRVRSGGHD,0.64,0.0
RSFTLASSETGVG,1.0,0.7551020408163265
RTFVATFGAASNKAF,0.92,0.058823529411764705
RVIAQGPTATFEAMY,0.76,0.0
RVIRGKKGAGGITIK,0.52,0.0
RVPLTSNNGIKQQGI,0.96,0.0
RVWEQIFSTWLLKPG,0.9230769230769231,0.0
RVYCDPCRAGFETNV,0.48,0.0
RVYEALYYV,0.7037037037037037,0.7894736842105263
RWQVVAPQLPDDLMI,0.56,0.0
RYANPIAFFRKEPLK,0.9672131147540983,0.2222222222222222
SADEVQRMMAEIDTD,0.7307692307692307,0.0
SADFPQFKPEEITGI,0.76,0.0
SAVRARSSVPGVR,0.75,0.625
SDYVYEPFPKRVWEQ,0.68,0.0
SDYVYQPFPKTVWEQ,0.8,0.0
SEAQKAAKPAAAATA,0.36,0.0
SEFAYGSFVRTVSLPVGADE,0.9411764705882353,0.9459459459459459
SEGFIHEFGHAVDDYAGYLL,0.7142857142857143,1.0
SEIEEFRDRARVPLT,0.72,0.0
SERPAIVPPADKYRT,0.4,0.0
SFGIVVAWQVKLLPV,0.92,0.0
SGHAFGAMAKKGDEQ,0.48,0.125
SGIAFGSMAKKGDEQ,0.37037037037037035,0.2222222222222222
SGLVWGQKYFKGNFQ,0.96,0.0
SGTNNKTMAVCTNAK,0.64,0.0
SHIQSAVVCGRRHGV,0.8,0.0
SHNVQGATVAVDCRP,0.76,0.0
SKAALTSKLDAAYKL,0.84,0.11764705882352941
SKGDSARVTVKDVTF,0.76,0.0
SKGGMRNVFDEVIPT,0.72,0.125
SKLKAEATTDGLGWY,0.68,0.0
SKLTYENVKMEDVGY,0.8461538461538461,0.0
SLLMWITQC,0.9285714285714286,1.0
SLSAYIIRV,0.5769230769230769,0.84
SLSELTDALRTLGST,0.68,0.0
SLYADSPSV,0.7647058823529411,0.8571428571428571
SLYNTVATL,0.7692307692307693,0.9354838709677419
SNKAFAEGLSGEPKG,0.8,0.0
SNNGIKQQGIRYANP,0.72,0.0
SPKARSERPAIVPPA,0.56,0.0
SPLTASKLTYENVKM,0.92,0.0
SQPATGAATVAAGAA,0.28,0.0
SRWSSPDNVKPIYIV,0.68,0.0
SRYWAIRTR,0.36363636363636365,0.9215686274509803
SSCEVALSYYPTPLA,0.8,0.0
SSKAATAKAPGLVPK,0.68,0.0
SSKVTITDTTIGTGD,0.48,0.0
SSPDNVKPLYIITPT,0.64,0.0
SSSSSLLAMAVLAAL,0.92,0.0
STGGAYDTYKCIPSL,0.64,0.0
STLPETTVVRR,0.6521739130434783,0.9285714285714286
STWLLKPGAGIMIFD,0.92,0.0
STWYGKPTAAGPKDN,0.2413793103448276,0.0
STWYGKPTGAGPKDN,0.06521739130434782,0.17647058823529413
SVAYKAAVGATPEAK,0.84,0.0
SVGSLGRYKDEKDVT,0.4,0.0
SVKRSNGSAEVHRGA,0.32,0.0
SVLLVVALFAVFLGS,0.48,0.0
SVLLVVVLFAVFLGS,0.4,0.0
SVRIRVRSGGHDYEG,0.68,0.0
SVTIKLDGNLLSSND,0.9230769230769231,0.0
SWIQSIPFVHLGHRD,0.88,0.0
TAAATAPADDKFTVF,0.44,0.0
TAKAPGLVPKLDAAY,0.84,0.0
TALKKAITAMSEAQK,0.68,0.0
TANVPPADKYKTLEA,0.36,0.0
TATAAVGAATGAATA,0.24,0.0
TATYGGKWLDAKSTW,0.44,0.0
TDALRTLGSTSADEV,0.72,0.0
TDDNEEPIAAYHFDL,0.8,0.125
TDDNEEPIAPYHFDL,0.64,0.125
TEEQKLIEKINAGFK,0.76,0.058823529411764705
TEKGMKNVFDDVVPE,0.6923076923076923,0.125
TFGAASNKAFAEGLS,0.88,0.0
TFHVEKGSNPNYLAL,0.6666666666666666,0.17647058823529413
TFTVEKGSNEKHLAV,0.56,0.0
TKGEGGVWTFDSEEP,0.36,0.0
TKPEACSGEPVVVHI,0.28,0.125
TLEVHAVKPAAEEVK,0.96,0.0
TLGIVCPI,0.8260869565217391,0.7627118644067796
TLGSTSADEVQRMMA,0.64,0.0
TLTPMMSSKFPELGM,0.32,0.0
TPAAPAGAEPAGKAT,0.28,0.0
TPAETTVRLRAYMNTPGLPV,0.7142857142857143,0.3076923076923077
TPEAKFDSFVASLTE,0.96,0.17647058823529413
TPESATPFPHRKGVL,0.56,0.0
TPFPHRKGVLFNIQY,0.8,0.0
TPGQCNMVVERLGDY,0.88,0.0
TPTNASHIQSAVVCG,0.52,0.0
TSAVGAPTGATTAAA,0.44,0.0
TSKLDAAYKLAYKTA,0.8846153846153846,0.125
TSSTPEAVSLLCSDK,0.8461538461538461,0.0
TTAAGAASGAATVAA,0.44,0.0
TTEEQKLIEDINVGF,0.6,0.0
TVAAAPQVKYAVFEA,0.84,0.125
TVLAFPAGVCPTIGV,0.84,0.0
TVTVFKIPKKASEGA,0.8,0.0
TVWAQSADFPQFKPE,0.8,0.0
TVWEQILNTWLVKPG,0.84,0.0
TYGDKWLDAKSTWYG,0.48,0.0
VALFAVFLGSAHGIP,0.8461538461538461,0.0
VASLLTTAEVVVTEI,0.23076923076923078,0.2631578947368421
VATLSEALRIIAGTL,0.88,0.0
VAWQVKLLPVPPTVT,0.84,0.0
VDCRPFNGGESKLKA,0.4,0.0
VDIINRWQVVAPQLP,0.96,0.0
VDPTDYFRNEQSIPP,0.92,0.0
VDSGAQLGELYYAIH,0.8846153846153846,0.0
VFLGSAHGIPKVPPG,0.48,0.0
VFLGSAYGIPKVPPG,0.7307692307692307,0.0
VGAATGAATAATGGY,0.24,0.0
VHAVKPVTEEPGMAK,0.64,0.0
VHRGAVPRRGPRGGP,0.72,0.0
VIDVKLVDANGTLHD,0.56,0.0
VIPAGELQVIEKVDA,0.8,0.17647058823529413
VIPEGWKADTAYESK,0.72,0.125
VIPEGWKADTCYESK,0.4,0.0
VIPEGWKADTSYESK,0.44,0.125
VKEIPPRLLYAKSSP,0.8,0.0
VKIEYSGTNNKTMAV,0.76,0.0
VKLVDANGKLHDKKS,0.52,0.0
VKNVIGPFMKAVCVE,0.4230769230769231,0.8181818181818182
VKPLYIITPTNVSHI,0.88,0.0
VLAALFAGAWCVPKV,0.8461538461538461,0.0
VLAKSPDTTCSEIEE,0.68,0.0
VLHDDLLEA,1.0,1.0
VLVMLVLLILAYRRRWRRLTV,1.0,0.6666666666666666
VLYDEFVTI,0.5384615384615384,0.8
VNYWFAPGAAAAPLS,0.8,0.0
VPEKYTIGATYAPEE,0.56,0.0
VPPADKYKTFEAAFT,0.68,0.0
VPRRGPRGGPGRSYA,0.16,0.0
VRSGGHDYEGLSYRS,0.68,0.0
VSDGGPNLY,0.4166666666666667,1.0
VSEALRIIAGTLEVH,0.88,0.058823529411764705
VSKAPQLVPKLDEVY,0.4230769230769231,0.0
VSSKRNLADAVSKAP,0.68,0.0
VSTFSSGLVWGQKYF,0.8,0.0
VTMNDVKIEYSGTNN,0.92,0.0
VVAPQLPADLMIRII,0.9230769230769231,0.0
VVAVDIKEKGKDKWI,0.38461538461538464,0.125
VVDLSKMRAVWVDGK,0.92,0.0
VVLFAVFLGSAYGIP,0.84,0.0
VVLGLATSPTAEGGK,0.72,0.0
VVVHITDDNEEPIAA,0.44,0.125
VVVHITDDNEEPIAP,0.38461538461538464,0.125
VWGQKYFKGNFERLA,0.88,0.0
WEQIFSTWLLKPGAG,0.76,0.0
WGAIWRIDTPDKLTG,0.76,0.2631578947368421
WGAIWRIDTPEVLKG,0.92,0.125
WKVRLLPVPPTVTVF,0.84,0.0
WLDAKSTWYGKPTAA,0.2,0.0
WLDAKSTWYGKPTGA,0.23333333333333334,0.1111111111111111
WLSLLVPFV,0.78,0.8275862068965517
WSKDIYNYMEPYVSK,0.96,0.0
YANYRDIDLGRNEVV,0.92,0.0
YASGKVWGQKYFKGN,0.64,0.0
YDEPMTPGQCNMVVE,0.54,0.0
YDTYKCIPSLEAAVK,0.84,0.44
YEAFVLHFSEALHII,0.96,0.0
YEAFVLHFSEALRII,1.0,0.0
YEDAKSPLTASKLTY,0.76,0.0
YEGLSYRSLQPEEFA,0.84,0.0
YFKGNFERLAITKGK,0.84,0.0
YFPPPAAKEDFLGCL,0.48,0.0
YFRNEQSIPPLIKKY,0.92,0.0
YFRNEQSIPPLIQKY,0.92,0.0
YGIAAENVIDVKLVD,0.96,0.0
YHFDLSGHAFGAMAK,0.56,0.125
YHFDLSGIAFGSMAK,0.48,0.125
YKDVDKPPFSGMTGC,0.32,0.125
YKLGPSPKARSERPA,0.36,0.0
YLCRHCLNLL,0.8823529411764706,0.8333333333333334
YLISIFLHL,0.8620689655172413,0.9
YLLPRRGPRL,0.8275862068965517,0.8172043010752689
YLVAYQATV,0.9473684210526315,0.5
YLVDGNGRFVFTDITLPNIA,0.9285714285714286,1.0
YLVSIFLHL,0.9090909090909091,0.9428571428571428
YLVTRHADV,0.6923076923076923,0.4
YMDDVVLGA,0.5238095238095238,0.4166666666666667
YMLDLQPETT,0.7272727272727273,0.9305555555555556
YNYMEPYVSKNPRQA,0.6,0.0
YPLHEQHGM,0.375,0.9423076923076923
YRSLQPEEFAVVDLS,0.72,0.0
YTTEGGTKGEAKDVI,0.16,0.0
YTTEGGTKTEAEDVI,0.24,0.0
YTVALFLAVALVAGP,0.24,0.0
YTVFETALKKAITAM,0.76,0.0
YVDEHLMCEIEGHHL,0.82,0.0
YVSSIFLHL,0.8571428571428571,0.8571428571428571
YVYEPFPKEVWEQIF,0.76,0.0
YWFAPGAGAAPLSWS,0.72,0.0
YYAIHKASPVLAFPA,1.0,0.0
