Epitope Linear Sequence,MHC Allele Name,mhc,tcell
AAGIGILTV,HLA-A*02:01,0.9,0.9090909090909091
AIMDKNIIL,HLA-A*02:01,1.0,0.9636363636363636
ALMPLYACI,HLA-A*02:01,1.0,0.4
ALNIALVAV,HLA-A*02:01,1.0,1.0
ALSTGLIHL,HLA-A*02:01,1.0,0.7272727272727273
ALWGFFPVL,HLA-A*02:01,1.0,1.0
ALWGPDPAAA,HLA-A*02:01,1.0,0.9090909090909091
AMASTEGNV,HLA-A*02:01,1.0,1.0
AMPGVLSYV,HLA-A*02:01,1.0,1.0
AMSTTDLEA,HLA-A*02:01,0.75,0.25
AVYNFATCGI,HLA-A*02:01,1.0,0.8
CINGVCWTV,HLA-A*02:01,0.6,0.96
CLFKDWEEL,HLA-A*02:01,1.0,0.75
CLGGLLTMV,HLA-A*02:01,1.0,0.9583333333333334
CLGGLLTMV,HLA-A2,0.8571428571428571,0.9130434782608695
CPSQEPMSIYVY,HLA-B*35:08,1.0,1.0
CTELKLSDY,HLA-A*01:01,1.0,0.8
CTELKLSDY,HLA-A1,1.0,0.7647058823529411
DLMGYIPLV,HLA-A*02:01,1.0,0.8809523809523809
EAAGIGILTV,HLA-A*02:01,0.8571428571428571,1.0
EEVDMTPADALDDFD,HLA-DQB1*03:02,1.0,1.0
ELAGIGILTV,HLA-A*02:01,1.0,0.9814814814814815
ELRSRYWAI,HLA-B8,1.0,0.9259259259259259
ENPVVHFFKNIVTPR,HLA-DR2,1.0,0.9714285714285714
ENPVVHFFKNIVTPR,HLA-DRB1*15:01,1.0,0.9714285714285714
EPLPQGQLTAY,HLA-B*35:01,1.0,0.9230769230769231
FIDSYICQV,HLA-A*02:01,1.0,0.8095238095238095
FILGIIITV,HLA-A*02:01,1.0,0.9
FLIVSLCPT,HLA-A*02:01,1.0,0.75
FLLLADARV,HLA-A*02:01,1.0,0.75
FLLSLGIHL,HLA-A*02:01,1.0,0.8333333333333334
FLLTRILTI,HLA-A*02:01,1.0,0.9615384615384616
FLPIIFDAFL,HLA-A*02:01,1.0,0.25
FLPSDFFPSI,HLA-A*02:01,1.0,0.7692307692307693
FLPSDFFPSV,HLA-A*02:01,1.0,0.9152542372881356
FLPSDFFPSV,HLA-A*02:06,1.0,0.5
FLRGRAYGL,HLA-B8,1.0,0.990990990990991
FLTSVINRV,HLA-A*02:01,1.0,0.8888888888888888
FLVIAINAM,HLA-A*02:01,0.6,0.25
FMYSDFHFI,HLA-A*02:01,1.0,0.9090909090909091
FPTKDVAL,HLA-B*35:08,1.0,1.0
FPYEGGKVF,HLA-B*07:02,0.875,0.75
FTASLFLHL,HLA-A*02:01,0.5,0.42857142857142855
FVDTMSIYI,HLA-A*02:01,1.0,0.0
FVDYNFTIV,HLA-A*02:01,1.0,1.0
GIAGFKGEQGPKGET,HLA-DR4,1.0,0.9473684210526315
GILGFVFTL,HLA-A*02:01,1.0,0.9781021897810219
GILGFVFTL,HLA-A2,0.8333333333333334,1.0
GLCTLVAML,HLA-A2,1.0,0.9787234042553191
GLFDFVNFV,HLA-A*02:01,1.0,0.8571428571428571
GLLDRLYDL,HLA-A*02:01,1.0,0.25
GLMWLSYFV,HLA-A*02:01,0.8571428571428571,1.0
GLNDYLHSV,HLA-A*02:01,1.0,0.8888888888888888
GLSPTVWLSV,HLA-A*02:01,1.0,0.875
GLSRYVARL,HLA-A*02:01,1.0,0.8571428571428571
GLYSSTVPV,HLA-A*02:01,1.0,0.5
GMSRIGMEV,HLA-A*02:01,0.8333333333333334,1.0
HLSLRGLPV,HLA-A*02:01,0.6,0.75
HLVEALYLV,HLA-A*02:01,1.0,0.7692307692307693
HLYSHPIIL,HLA-A*02:01,1.0,0.8
HMWNFISGI,HLA-A*02:01,1.0,0.75
HVDGKILFV,HLA-A*02:01,1.0,0.8
IAFTSEHSHFSLK,HLA-DRB1*04:01,1.0,0.7647058823529411
IIIPFIAYFV,HLA-A*02:01,1.0,1.0
ILAGYGAGV,HLA-A*02:01,1.0,0.5652173913043478
ILDDNLYKV,HLA-A*02:01,1.0,1.0
ILGFVFTLTV,HLA-A*02:01,1.0,0.8
ILKEPVHGV,HLA-A*02:01,0.896551724137931,0.9090909090909091
ILMIFISSFL,HLA-A*02:01,1.0,0.875
ILSDENYLL,HLA-A*02:01,1.0,0.5714285714285714
ILSPFLPLL,HLA-A*02:01,1.0,1.0
INISGYNFSL,HLA-A*02:01,1.0,0.6
IVIEAIHTV,HLA-A*02:01,0.8571428571428571,0.75
IVTDFSVIK,HLA-A11,1.0,0.9404761904761905
KIDYYIPYV,HLA-A*02:01,1.0,0.8571428571428571
KLFSDISAI,HLA-A*02:01,1.0,0.6666666666666666
KLFTHDIML,HLA-A*02:01,1.0,0.3333333333333333
KLPQLCTEL,HLA-A*02:01,0.75,0.7142857142857143
KLQERLAKL,HLA-A*02:01,0.75,0.8571428571428571
KLTPLCVTL,HLA-A*02:01,1.0,0.75
KLVALGINAV,HLA-A*02:01,1.0,0.9
KLVANNTRL,HLA-A*02:01,1.0,1.0
KRWIILGLNK,HLA-B*27:05,1.0,1.0
KTIAYDEEARR,HLA-DR3,1.0,0.9375
KVDDTFYYV,HLA-A*02:01,0.7777777777777778,0.9545454545454546
LLALLSCLTV,HLA-A*02:01,1.0,0.8666666666666667
LLCLIFLLV,HLA-A*02:01,1.0,0.6
LLFGYPVYV,HLA-A*02:01,1.0,0.9761904761904762
LLFGYPVYV,HLA-A2,1.0,1.0
LLFNILGGWV,HLA-A*02:01,1.0,0.75
LLGRNSFEV,HLA-A*02:01,1.0,0.8
LLLDRLNQL,HLA-A*02:01,1.0,1.0
LLMGTLGIV,HLA-A*02:01,1.0,0.696969696969697
LMWYELSKI,HLA-A*02:01,1.0,0.75
LMYDIINSV,HLA-A*02:01,1.0,0.75
LPEPLPQGQLTAY,HLA-B*35:08,1.0,1.0
LPRPDTRHL,HLA-B*07:02,1.0,0.75
MLDDFSAGA,HLA-A*02:01,1.0,0.3333333333333333
MLDLQPETT,HLA-A*02:01,0.8,0.75
MMLVPLITV,HLA-A*02:01,0.7142857142857143,0.6
MPAYIRNTL,HLA-B*07:02,1.0,0.9375
NISGYNFSL,HLA-A*02:01,1.0,0.5714285714285714
NLATSIYTI,HLA-A*02:01,1.0,0.0
NLFDIPLLTV,HLA-A*02:01,1.0,0.875
NLNESLIDL,HLA-A*02:01,0.75,0.6666666666666666
NLSWLSLDV,HLA-A*02:01,0.875,0.4
NLVPMVATV,HLA-A*02:01,0.9,0.9827586206896551
NLVPMVATV,HLA-A2,1.0,0.9811320754716981
NMLSTVLGV,HLA-A*02:01,1.0,0.8333333333333334
NTNMFTYEIAPVFVLLEYVT,HLA-DRB1*04:01,1.0,0.75
PKYVKQNTLKLAT,HLA-DR1,1.0,0.9
PKYVKQNTLKLAT,HLA-DR7,1.0,0.9583333333333334
PKYVKQNTLKLAT,HLA-DRB1*01:01,0.8888888888888888,1.0
PKYVKQNTLKLAT,HLA-DRB1*04:01,1.0,1.0
QFKDNVILL,HLA-A*24:02,0.75,1.0
QIFNIISYI,HLA-A*02:01,1.0,0.8
RLIVFPDLGV,HLA-A*02:01,1.0,0.7777777777777778
RLNQLESKV,HLA-A*02:01,1.0,0.9
RLYDYFTRV,HLA-A*02:01,1.0,0.8571428571428571
RPSTRNFFEL,HLA-B*07:02,1.0,1.0
RRFFPYYV,HLA-B*27:05,1.0,1.0
RRIYDLIEL,HLA-B*27:05,1.0,0.8333333333333334
RRKWRRWHL,HLA-B*27:05,1.0,0.8888888888888888
RRKWRRWHL,HLA-B*27:09,1.0,1.0
RRRWRRLTV,HLA-B*27:05,1.0,0.8666666666666667
RSFTLASSETGVG,HLA-DRB1*04:01,1.0,0.7674418604651163
RTLLGLILFV,HLA-A*02:01,1.0,0.8
RVYEALYYV,HLA-A*02:01,1.0,0.7894736842105263
RYPLTFGWCF,HLA-A*24:02,1.0,1.0
SLFNTIATL,HLA-A*02:01,0.75,1.0
SLFNTIAVL,HLA-A*02:01,1.0,1.0
SLFNTVATL,HLA-A*02:01,1.0,1.0
SLFNTVAVL,HLA-A*02:01,0.75,1.0
SLKDVLVSV,HLA-A*02:01,1.0,0.75
SLLMWITQC,HLA-A*02:01,0.9166666666666666,1.0
SLMAFTAAV,HLA-A*02:01,1.0,0.75
SLSAYIIRV,HLA-A*02:01,1.0,0.84
SLSNLDFRL,HLA-A*02:01,0.8,1.0
SLYADSPSV,HLA-A*02:01,1.0,0.8
SLYNTIATL,HLA-A*02:01,1.0,1.0
SLYNTVATL,HLA-A*02:01,0.88,0.92
SLYQLENYC,HLA-A*02:01,1.0,0.8333333333333334
SMHFYGWSL,HLA-A*02:01,1.0,0.4
SMMNITRLEV,HLA-A*02:01,1.0,0.25
SRYWAIRTR,HLA-B*27:05,1.0,1.0
SRYWAIRTR,HLA-B27,1.0,0.8260869565217391
TIHDIILECV,HLA-A*02:01,1.0,0.9523809523809523
TLACFVLAAV,HLA-A*02:01,1.0,1.0
TLGIVCPI,HLA-A*02:01,1.0,0.7674418604651163
TVIKTNMI,HLA-A*02:01,1.0,1.0
VLCLRPVGA,HLA-A*02:01,0.75,0.8
VLHDDLLEA,HLA-A*02:01,1.0,1.0
VLHKRTLGL,HLA-A*02:01,1.0,0.75
VLNDILSRL,HLA-A*02:01,0.75,1.0
VLYDEFVTI,HLA-A*02:01,1.0,0.8
WLSLLVPFV,HLA-A*02:01,1.0,0.8
YINTALLNA,HLA-A*02:01,1.0,1.0
YIYGIPLSL,HLA-A*02:01,0.75,0.6
YLCRHCLNLL,HLA-A*02:01,1.0,0.8333333333333334
YLISIFLHL,HLA-A*02:01,1.0,0.8928571428571429
YLLEMLWRL,HLA-A2,1.0,0.8611111111111112
YLLPAIVHI,HLA-A*02:01,1.0,1.0
YLLPRRGPRL,HLA-A*02:01,1.0,0.8181818181818182
YLPEVISTI,HLA-A*02:01,1.0,0.7777777777777778
YLVAYQATV,HLA-A*02:01,1.0,0.47058823529411764
YLVTRHADV,HLA-A*02:01,0.8571428571428571,0.2222222222222222
YLYTEYFLFL,HLA-A*02:01,1.0,0.5
YMDDVVLGA,HLA-A*02:01,1.0,0.2
YMLDLQPET,HLA-A*02:01,1.0,1.0
YMLDLQPETT,HLA-A*02:01,1.0,0.9038461538461539
YTIERIFNA,HLA-A*02:01,1.0,0.4
YVSSIFLHL,HLA-A*02:01,1.0,0.8571428571428571
